condition,R_persona_obs,R_persona_ana,R_attr_obs,R_attr_ana,R_long_obs,R_long_ana,R_obs,R_ana,delta_R,token_obs,token_ana,frozen_transductive_R_obs,delta_trainonly_vs_frozen_obs
raw,0.3238095238095238,0.3238095238095238,0.5611067553446661,0.5611067553446661,0.5649203601108033,0.5649203601108033,0.4832788797549978,0.4832788797549978,0.0,1.0,1.0,0.48057589546603063,0.0027029842889671474
redact_bracket,0.05396825396825397,0.05396825396825397,0.49016912105926436,0.49016912105926436,0.5264014889196676,0.5264014889196676,0.3568462879823953,0.3568462879823953,0.0,0.03274711946634324,0.03274711946634324,0.35787478197253214,-0.001028493990136825
redact_tokenize,0.8365079365079365,0.8365079365079365,0.4631471147658339,0.4631471147658339,0.6572731994459833,0.6572731994459833,0.6523094169065846,0.6523094169065846,0.0,0.007883565797453002,0.007883565797453002,0.6619591645788753,-0.009649747672290654
redact_surrogate,0.21587301587301588,0.21587301587301588,0.5179570756281117,0.5179570756281117,0.5614335180055401,0.5614335180055401,0.43175453650222256,0.43175453650222256,0.0,0.02850212249848393,0.02850212249848393,0.4239907589463723,0.007763777555850282
sem_coarse,0.026984126984126985,0.026984126984126985,0.40226331925203573,0.40226331925203573,0.49937673130193905,0.5113296398891967,0.3095413925127006,0.3135256953751198,0.003984302862419242,0.0,0.0,0.3102532461599767,-0.0007118536472761061
sem_medium,0.16666666666666666,0.4888888888888889,0.6060110879234386,0.5975827832403712,0.6873848684210526,0.748869459833795,0.4866875410037193,0.6117803773210183,0.125092836317299,0.0,0.0,0.48264927923086615,0.004038261772853158
sem_fine,0.6412698412698413,0.807936507936508,0.8431274900398407,0.600494143058526,0.7728315443213296,0.8761201523545707,0.7524096252103373,0.7615169344498683,0.00910730923953107,0.0,0.0,0.7522809317662005,0.00012869344413679595
redact_llm_substitute,0.526984126984127,0.526984126984127,0.4702867352744028,0.4702867352744028,0.5838105955678671,0.5838105955678671,0.527027152608799,0.527027152608799,0.0,0.40873256519102485,0.40873256519102485,0.5251535450868137,0.0018736075219852877
redact_llm_rephrase,0.5761904761904761,0.5761904761904761,0.4739137213902552,0.4739137213902552,0.5672749307479225,0.5672749307479225,0.5391263761095514,0.5391263761095514,0.0,0.5633717404487568,0.5633717404487568,0.5372424860244452,0.0018838900851061435
