winner_for,winner_for_label,winner_condition,regret_on_observability,regret_on_analytics_med,regret_on_analytics_side,regret_on_analytics_adherence,regret_on_analytics_cohort
observability,T_o,redact_bracket,0.0,0.2481,0.4384,0.2811,0.0036
analytics_med,"T_a-1
medication class",redact_surrogate,0.0162,0.0,0.1339,0.2649,0.0
analytics_side,"T_a-2
side effect",sem_coarse,0.5081,0.317,0.0,0.0,0.0283
analytics_adherence,"T_a-3
adherence",sem_coarse,0.5081,0.317,0.0,0.0,0.0283
analytics_cohort,"T_a-5
behavioural
cohort",redact_surrogate,0.0162,0.0,0.1339,0.2649,0.0
