condition,R_obs,R_ana,delta_R,delta_persona,delta_attribute,delta_longitudinal,delta_token,R_persona_obs,R_persona_ana,R_attr_obs,R_attr_ana,R_long_obs,R_long_ana,token_obs,token_ana
raw,0.4833,0.4833,0.0,0.0,0.0,0.0,0.0,0.3238,0.3238,0.5611,0.5611,0.5649,0.5649,1.0,1.0
redact_bracket,0.3568,0.3568,0.0,0.0,0.0,0.0,0.0,0.054,0.054,0.4902,0.4902,0.5264,0.5264,0.0327,0.0327
redact_tokenize,0.6523,0.6523,0.0,0.0,0.0,0.0,0.0,0.8365,0.8365,0.4631,0.4631,0.6573,0.6573,0.0079,0.0079
redact_surrogate,0.4318,0.4318,0.0,0.0,0.0,0.0,0.0,0.2159,0.2159,0.518,0.518,0.5614,0.5614,0.0285,0.0285
sem_coarse,0.3095,0.3135,0.004,0.0,0.0,0.012,0.0,0.027,0.027,0.4023,0.4023,0.4994,0.5113,0.0,0.0
sem_medium,0.4867,0.6118,0.1251,0.3222,-0.0084,0.0615,0.0,0.1667,0.4889,0.606,0.5976,0.6874,0.7489,0.0,0.0
sem_fine,0.7524,0.7615,0.0091,0.1667,-0.2426,0.1033,0.0,0.6413,0.8079,0.8431,0.6005,0.7728,0.8761,0.0,0.0
redact_llm_substitute,0.527,0.527,0.0,0.0,0.0,0.0,0.0,0.527,0.527,0.4703,0.4703,0.5838,0.5838,0.4087,0.4087
redact_llm_rephrase,0.5391,0.5391,0.0,0.0,0.0,0.0,0.0,0.5762,0.5762,0.4739,0.4739,0.5673,0.5673,0.5634,0.5634
